ID,source_attractiveness
0,0.41021167553138105
1,0.052743396941574316
2,0.038498344802556594
3,0.01575996826485626
4,0.041150635511747524
5,0.41472987131582406
6,0.06290733629622863
7,0.0509937012106178
8,0.17006678536068115
9,0.37084824754626955
10,0.32524592405523595
11,0.052455516170253236
